[
	{
		"name1":"一段时光，浅笑又安然一场盛世的繁华，",
		"name2":"愿不倾城，不倾国，只倾我所有。",
		"name3":"只为过简单安稳的生活，单纯不平凡。",
		"name4":"一支素笔，一杯花茶，一段时光，浅笑又安然。早安！"
	},
	{
		"name1":"一段时光，浅笑又安然一场盛世的繁华，",
		"name2":"愿不倾城，不倾国，只倾我所有。",
		"name3":"只为过简单安稳的生活，单纯不平凡。",
		"name4":"一支素笔，一杯花茶，一段时光，浅笑又安然。早安！"
	},
	{
		"name1":"一段时光，浅笑又安然一场盛世的繁华，",
		"name2":"愿不倾城，不倾国，只倾我所有。",
		"name3":"只为过简单安稳的生活，单纯不平凡。",
		"name4":"一支素笔，一杯花茶，一段时光，浅笑又安然。早安！"
	},
	{
		"name1":"一段时光，浅笑又安然一场盛世的繁华，",
		"name2":"愿不倾城，不倾国，只倾我所有。",
		"name3":"只为过简单安稳的生活，单纯不平凡。",
		"name4":"一支素笔，一杯花茶，一段时光，浅笑又安然。早安！"
	}

]