[
	{
		"img" :"images/1.jpg",
		"text":"我们实验的只不过是一个风景我们实验的只不过是一个风景，谈论的是加载问题",
		"height":"450",
		"width":"800"
	},
	{
		"img" :"images/2.jpg",
		"text":"我们实验的只不过是一个风景我们实验的只不过是一个风景，谈论的是加载问题",
		"height":"1080",
		"width":"1920"
	},
	{
		"img" :"images/3.jpg",
		"text":"我们实验的只不过是一个风景我们实验的只不过是一个风景，谈论的是加载问题",
		"height":"220",
		"width":"352"
	},
	{
		"img" :"images/4.jpg",
		"text":"我们实验的只不过是一个风景我们实验的只不过是一个风景，谈论的是加载问题",
		"height":"768",
		"width":"1024"
	},
	{
		"img" :"images/5.jpg",
		"text":"我们实验的只不过是一个风景我们实验的只不过是一个风景，谈论的是加载问题",
		"height":"900",
		"width":"1440"
	},
	{
		"img" :"images/6.jpg",
		"text":"我们实验的只不过是一个风景我们实验的只不过是一个风景，谈论的是加载问题",
		"height":"960",
		"width":"1280"
	},
	{
		"img" :"images/7.jpg",
		"text":"我们实验的只不过是一个风景我们实验的只不过是一个风景，谈论的是加载问题",
		"height":"768",
		"width":"1024"
	},
	{
		"img" :"images/8.jpg",
		"text":"我们实验的只不过是一个风景我们实验的只不过是一个风景，谈论的是加载问题",
		"height":"576",
		"width":"1024"
	},
	{
		"img" :"images/9.jpg",
		"text":"我们实验的只不过是一个风景我们实验的只不过是一个风景，谈论的是加载问题",
		"height":"220",
		"width":"293"
	},
	{
		"img" :"images/10.jpg",
		"text":"我们实验的只不过是一个风景我们实验的只不过是一个风景，谈论的是加载问题",
		"height":"900",
		"width":"1600"
	},
	{
		"img" :"images/9.jpg",
		"text":"我们实验的只不过是一个风景我们实验的只不过是一个风景，谈论的是加载问题",
		"height":"220",
		"width":"293"
	},
	{
		"img" :"images/10.jpg",
		"text":"我们实验的只不过是一个风景我们实验的只不过是一个风景，谈论的是加载问题",
		"height":"900",
		"width":"1600"
	},
	{
		"img" :"images/9.jpg",
		"text":"我们实验的只不过是一个风景我们实验的只不过是一个风景，谈论的是加载问题",
		"height":"220",
		"width":"293"
	},
	{
		"img" :"images/10.jpg",
		"text":"我们实验的只不过是一个风景我们实验的只不过是一个风景，谈论的是加载问题",
		"height":"900",
		"width":"1600"
	},
	{
		"img" :"images/10.jpg",
		"text":"我们实验的只不过是一个风景我们实验的只不过是一个风景，谈论的是加载问题",
		"height":"900",
		"width":"1600"
	},
	{
		"img" :"images/9.jpg",
		"text":"我们实验的只不过是一个风景我们实验的只不过是一个风景，谈论的是加载问题",
		"height":"220",
		"width":"293"
	},
	{
		"img" :"images/10.jpg",
		"text":"我们实验的只不过是一个风景我们实验的只不过是一个风景，谈论的是加载问题",
		"height":"900",
		"width":"1600"
	},
	{
		"img" :"images/10.jpg",
		"text":"我们实验的只不过是一个风景我们实验的只不过是一个风景，谈论的是加载问题",
		"height":"900",
		"width":"1600"
	},
	{
		"img" :"images/9.jpg",
		"text":"我们实验的只不过是一个风景我们实验的只不过是一个风景，谈论的是加载问题",
		"height":"220",
		"width":"293"
	},
	{
		"img" :"images/10.jpg",
		"text":"我们实验的只不过是一个风景我们实验的只不过是一个风景，谈论的是加载问题",
		"height":"900",
		"width":"1600"
	}
]