{
	"description": "项目配置文件。",
	"setting": {
		"urlCheck": false,
		"es6": true,
		"postcss": true,
		"minified": true,
		"newFeature": true
	},
	"compileType": "miniprogram",
	"libVersion": "1.6.4",
	"appid": "wx9af75e08f31c2e10",
	"projectname": "2017-12-19",
	"condition": {
		"search": {
			"current": -1,
			"list": []
		},
		"conversation": {
			"current": -1,
			"list": []
		},
		"miniprogram": {
			"current": -1,
			"list": [
				{
					"id": 0,
					"name": "扫码",
					"pathName": "pages/home/home",
					"query": "aa=%E4%B8%87%E9%9B%84",
					"scene": "1011"
				}
			]
		}
	}
}